cluster,n_spouse,n_child,n_parent,n_grandchild,n_other_rel,n_non_rel
1,0.5160596778072157,1.280969084375392,0.006874971136134322,1.2774474051685203,0.22879472286081012,0.08261424117200797
2,0.24865798427198976,0.6236805509597816,0.02591593936804265,0.029531118511638355,0.09431574319385932,3.263354653318025
3,0.9978725587021616,1.2655929640067127,0,0,0.027663596046208622,0.0011209912182619925
4,0,0.44345245715012077,0,0,0.04728044601892716,0
5,0.39711428501247253,0.9223133709363533,0.17239360341661317,0.06531425644844287,2.6787561695720634,0.16752747606599427
6,0.46261455371650995,1.466291640394234,0.025508762531995622,3.598270089937627,0.4425940435084627,0.12114352397440119
7,0.5901377896523625,1.148539899955462,1.1400774132826825,0.01776645844689295,0.1731256421125324,0.08830540628164156
8,0.1579561868738929,0.6597403406710184,0,0.0026334969015875684,0.045531795658753656,1.1353549160262915
9,0.36743947681922834,0.8491901300179465,0.03689060036425009,0.05011760527968942,0.18065402916644188,5.933085102164678
